{
  "hash": "0ecfd6c9",
  "configHash": "532c1c58",
  "lockfileHash": "13a3a4b6",
  "browserHash": "5beff86b",
  "optimized": {
    "@angular/common": {
      "src": "../../../../../node_modules/@angular/common/fesm2022/common.mjs",
      "file": "@angular_common.js",
      "fileHash": "68b48264",
      "needsInterop": false
    },
    "@angular/common/http": {
      "src": "../../../../../node_modules/@angular/common/fesm2022/http.mjs",
      "file": "@angular_common_http.js",
      "fileHash": "f89306a1",
      "needsInterop": false
    },
    "@angular/core": {
      "src": "../../../../../node_modules/@angular/core/fesm2022/core.mjs",
      "file": "@angular_core.js",
      "fileHash": "4b940668",
      "needsInterop": false
    },
    "@angular/forms": {
      "src": "../../../../../node_modules/@angular/forms/fesm2022/forms.mjs",
      "file": "@angular_forms.js",
      "fileHash": "8f1ad675",
      "needsInterop": false
    },
    "@angular/platform-browser": {
      "src": "../../../../../node_modules/@angular/platform-browser/fesm2022/platform-browser.mjs",
      "file": "@angular_platform-browser.js",
      "fileHash": "02d1c031",
      "needsInterop": false
    },
    "@angular/router": {
      "src": "../../../../../node_modules/@angular/router/fesm2022/router.mjs",
      "file": "@angular_router.js",
      "fileHash": "726b5543",
      "needsInterop": false
    },
    "rxjs/operators": {
      "src": "../../../../../node_modules/rxjs/dist/esm5/operators/index.js",
      "file": "rxjs_operators.js",
      "fileHash": "64665fa9",
      "needsInterop": false
    }
  },
  "chunks": {
    "chunk-HXARGTJU": {
      "file": "chunk-HXARGTJU.js"
    },
    "chunk-RCSVQ53T": {
      "file": "chunk-RCSVQ53T.js"
    },
    "chunk-VCL2IBHC": {
      "file": "chunk-VCL2IBHC.js"
    },
    "chunk-UUGYVLOW": {
      "file": "chunk-UUGYVLOW.js"
    },
    "chunk-D6GFGIVB": {
      "file": "chunk-D6GFGIVB.js"
    }
  }
}